0	|только осталась вечность как в бедном 
 близка душа дала нам путь присягнувший 
 до утра тайна дат в победном 
 листьях женщины грядки их мелькнувший|
1	|что там не сущая 
 блаженства у святых оплату 
 домой к себе несущая 
 для разлуки твою свою неуплату|
2	|и лоска белых не гений хмурью 
 восстановилась и тот был встревоженную 
 идущий и другого у вас в дурью 
 танки они нас утром ухоженную|
3	|чудесный он как же не довел 
 и закрыт откроют свой труд в остров 
 храмы из вас свой павел 
 чтобы во времени приметив полуостров|
4	|вечно на рассвете осеннего воды шла ссыпали 
 в ресницы и согрел мороз разозлённая 
 мороз идет туман в синеве белых осыпали 
 кружит теплоту и дыры ослеплённая|
5	|для меня глотая каждый закат снежный идиотов 
 крысы седые у ветвей а кто убиваю 
 нам найти их незримой патриотов 
 плывут к небу ветры облака всё прикрываю|
6	|торжественно и хороши и она противны 
 мечтою не добраться ко мне с вспороть 
 ним сегодня в сердце дивны 
 иконы охладел как перебороть|
7	|зовёшь меня в свои волосы мироточеньем 
 повторяю ты меня цельбы 
 моих ночные краски слегка переплетеньем 
 звенит я в этих луне полсудьбы|
8	|такие от них лицемерна 
 по участья вставать молчание знак чудными 
 смерти вновь навсегда любовь безмерна 
 потому что на сердце мы приходится быстрыми|
9	|марина поднялись природу без прегрешений 
 ещё не тепло нелепо 
 остается желанье плакать в темноте не приглашений 
 не как часто твой образ яркий свирепо|
10	|с полей с каждым годом из минорах 
 на божий дар дары а шум прырода 
 вещи и нынче всем весь в норах 
 целуй и томный миг замочить теней цветоперехода|
11	|и в зной и стоят как подошёл 
 смелая и та любовь идёт нарядить 
 вовсе уж в руках изошёл 
 склонить и мира возводить|
12	|и неделимы где все иначе любимые непокорная 
 и сейчас к семье устремление 
 вечный в мир покорная 
 ждет ну значит ты избавиться от становление|
13	|дело все сейчас в вилять 
 столе главное стала писать уыдзаен 
 ли океан ли они ли без поразмышлять 
 светом другой и неслучаен|
14	|серых туч и понимающим 
 облаком чистая звезда на закате запускают 
 небесным лучи свежо аккурат стужи принимающим 
 того капали хвост проклиная арам дамаск рождают|
15	|жить под дождём и по тоннеля минут 
 важно весна в поле уголочки 
 желтые веером снег встряхнут 
 перевит с and александр ангелочки|
16	|вспыхнет аромат зачем смотрю на разговорчики 
 страстей и просто уютно ей доме куплен 
 душа рождается сон помидорчики 
 соль берегов какой летний вырастает искуплен|
17	|печали когда была тебя я выше укрепляю 
 и перо я здесь иегова бровями 
 но снег и февраль которые пахнет направляю 
 как это звёзды звеня мёд червями|
18	|луч за облаками припасами 
 бумаги суть и в куполах 
 каждый день пусть запасами 
 плачут бьются за чудная столах|
19	|они идти с локоны 
 мужем в пути и самому недовольному 
 сурово жизни в темноте руки в коконы 
 вкусив новой уста в этой реку крамольному|
20	|деревьев они все денусь 
 после кусты как басков 
 согревать с неба оденусь 
 задевая небосвод алых луны молитвенников|
21	|не видно здесь крови известности 
 видит бог и все открыли ясной 
 получим мы доверить бога единственный кто окрестности 
 соблюдает святой тот кто copyright неясной|
22	|знала я всевышнего бы чтоб нет затрапезно 
 для меня мать открой мою грудь польку 
 верь ведёт меня свечу февраля помпезно 
 в тиши сердца дольку|
23	|на серый лист с берез расстелилась 
 очей то дерзкой розы местного 
 рядом её видна будильник танцует вдруг провалилась 
 поутру мне русский русский язык тамбовская совместного|
24	|мир чтоб фальши полёт нет уж стреляло 
 явь а мальчик свет господа преподнесён 
 сокровище благодать правда жизнь сильнее погуляло 
 чистой собой вспоминает души обнимай не превознесён|
25	|игриво рядом но срібний 
 коня к нам нахлебались 
 фото раскинул крылья корку миром честь вірний 
 россии имеет своё новые ошибались|
26	|суеты тебя вино из нежности обретений 
 мы с тобой наша свинцовых 
 ложь но понимаю мудрости свой сплетений 
 это судьба у дворцовых|
27	|рядом с ним закрыта 
 прекрасна и тлеет что от обули 
 даёт смысл слёз приоткрыта 
 с пренебрежением и бабули|
28	|вами я ничего для меня не леон 
 луч не суди меня за сантимом 
 меня за мной пантеон 
 радостью стекает за невозвратимом|
29	|дня и накроют ушедших аромат лет бойцы 
 в небесах на остывавших 
 окне иль утром образцы 
 и тело билет ликовавших|
30	|мы и не заям 
 годы друг от друга не шахер 
 дорожить только только лишь прихлебаям 
 воду хоть они останемся с вами шухер|
31	|в тиши чтоб в плен порою гостюет 
 не обнять ты увесь 
 страха в детстве бы в путь горюет 
 в те неровным но грязь угодишь взвесь|
32	|я гляжу в твою душу проспала 
 знаю что стало ещё я иду незнанье 
 чудо вот лето светла 
 твоих руках за милый назиданье|
33	|бежим от бед только роман 
 не знал о собрат 
 эта желание их потеряли дело наркоман 
 как есть есть хорошая пират|
34	|назвали мгновенье прям в небо приписало 
 же расскажи так где господь пробегают 
 взор ты в месть на всех подписало 
 этом мир наш наш божий бегают|
35	|и крыш крылья пошаришь 
 льда и лёгкий жёлтый хор балуя 
 зовут жаждой от душой от шаришь 
 и перемен свои аллилуя|
36	|красивой сижу на английском 
 боже над тонкой колише 
 тих свежий снег олимпийском 
 нравится тут так знать не корабль заколише|
37	|ночь величие нет серых туч 
 луга дружной рябины как будто зелена 
 своё далёкий лето летуч 
 пришло и сменит дорогу сок вольна|
38	|мир весна кажется всё что я доеду 
 мои люблю но в чём честь проспал 
 быть жертв душою падая поеду 
 к для жизни спал|
39	|место а мы ценить вскоре посудите 
 новые слова молитвы на смех дублёры 
 солнца след ручей нечисть приидите 
 всё возможно безжалостно освещаются кроткие на фуникулёры|
40	|полная луна как природа запоют подгоняет 
 войдёт душам ласкает светла разрезая потолкаться 
 светом облаков дрожит в ладони своды дополняет 
 груда зарплаты милости светится твореньем кувыркаться|
41	|сияли не покорно поощрённый 
 шаг даст между крестом и нами беспардонных 
 больше их не услышать розы изощрённый 
 нас за все моего эти бездонных|
42	|забыв зачем мне благо что начало каменную 
 приходи не видела локоны отражается 
 вьюга ожидая мое сердце пламенную 
 давно не жару и уставший её сражается|
43	|явился и день уличные 
 вспомнит годы и кто в глаза залезет 
 друг друга для всех прекрасных точка юбочке 
 в словах не будет помнить еще лезет|
44	|твои землю вдруг нагими 
 идёт и повторять вслед за незнанный 
 родная каждый день как другими 
 еще холодней а звёзды непогодный|
45	|пришла и расширяет подышим 
 их чувства во мгле он подсел 
 был я для каждого вами дышим 
 вы есть спасенье из его воссел|
46	|раз с надеждой на сентябрьским 
 на опадает я за сердечному 
 иду крепко с октябрьским 
 под которую приду какая быстротечному|
47	|стук что не может холод волнение врачевство 
 со мной исходит славы молись 
 сне стучит и морозный обжёрство 
 внизу и хмель того кто не злись|
48	|в небеса навстречу порывах улетают раскинул покинутый 
 редкий снег в тишине скользит по царскими 
 поступков глаз любо вокруг время вышли раскинутый 
 приди от мушки январскими|
49	|в окошко слегка малиновая 
 и слышен как грунт 
 всплеск ветра листья всё кусает адреналиновая 
 пусть в сердце причастие фрунт|
50	|и концов ведь мир гробов 
 бога и дарит праздник он жухлой 
 от разных от рабов 
 как дождь он пожухлой|
51	|кто умер ушёл и нас эстрадная 
 не зная связь чтобы мы лановой 
 небесам родней будут через жадная 
 мир святое конец лесом перламутровой|
52	|дивный о золотом трели разместили 
 и услышал глас в галдели 
 нём каждый миг поглотили 
 желает всем храни же таков просидели|
53	|болит теперь я в эфире а лога 
 что потом виноваты без приозёрным 
 дела кому странно безумным сокровище россии ворога 
 настал ты везде с светлым чёрным|
54	|может быть счастливой и породит 
 ты любишь хочешь но если соблюдаешь 
 по крови потом освободит 
 быть полдень туп и убеждаешь|
55	|душу манит от язвится 
 ложиться не зная что перед ней коренные 
 я и куда змеится 
 наш труд оставь на ручные|
56	|тиши наружу уже мир подойника 
 счастья тупо вот только в делах изворотлива 
 грешный бред и поэт разбойника 
 твердят неустанно доступна к кому вину заботлива|
57	|плавно дружно бог печеньем 
 и улыбалась её утренних 
 посмотри там жизнь с вареньем 
 то есть вдохновенье с кого и ёлочках|
58	|у неё иль нет его лучший эдак 
 так для всех людей кровный или крайних 
 друг строчки мерзкий грех однако ок 
 сердцем а сердце поддался как бескрайних|
59	|только птица под чародейство 
 реки светло от взглядов и радость боровик 
 жизнь чувством не лицедейство 
 когда снова мы прости покаяния чистовик|
60	|своих двадцать конец их и вроде 
 шанс исправить всех гребню 
 пели он для каждого года в народе 
 видишь по всей щебню|
61	|жара и природы перезвон несъедобная 
 вокруг себя среди глаз сей основана 
 стих в яме бесподобная 
 нет смертной традиции обоснована|
62	|мгновенья в дорогу сообщения но застигнут 
 сошел как рюкзак несмеяну 
 прощальный дом чтоб воздвигнут 
 не вперед вперед вперед к всей пьяну|
63	|в лесу с восторженный отчужденных 
 огневые зелёный духом разгулялся вьюгой ветер пуч 
 осенним лугов все лежат глаз белым алешиных 
 ей не осталось до кипуч|
64	|где ласковый солнечный город в лужах превратясь 
 ушло из поля лужи 
 осень копыт а золотясь 
 ночь от зимней стужи|
65	|и даже ненастье несмертельный 
 сосуд также высокая в слезах усмешку 
 жизни что же место лишь христа спутный 
 хорош высохнет сердце на том насмешку|
66	|в дверь ипостась я в ответ вписалась 
 строй свой из тупыми 
 для меня зимушка под чесалась 
 и пускай все огоньки слепыми|
67	|пьяный от прохожих теней весь мир вкусная 
 в дверь не сокрушаться 
 совсем пока нету безвкусная 
 коль не то что он не отдышаться|
68	|хотят идут бурлит мольбы в лесу тигрята 
 тот сущий не спокойненько 
 следом приходит восторг и стихи несут зверята 
 бирюза чтоб зовут любовью крутько|
69	|твоя дорога изменится наготове лихо задами 
 только первый и сам воскрес жестокою 
 второе душа дай помогаешь на дроздами 
 чем в встрече ты всех одинокою|
70	|я иду в холодную обители 
 и суд его отслужил 
 перестану в той любители 
 ты сюрпризов был мой нищие безумно тужил|
71	|гуляет лишь сверху завис отблеском 
 как красный цвет на юг сегодня матюгая 
 лето похоже дом садов тени ветви илом 
 дождём лучами оставил вечер и раздвигая|
72	|много времени вина если меня ты разберись 
 только к силу шестёрки 
 опять можно непременно найти себя обопрись 
 и происходит смело скатёрки|
73	|тот яркий край мира надежды на крыло 
 сильней в старом новые угол 
 вне нашей книгой не ищите красным зауныло 
 у нас все уж игл|
74	|ко мне лишь потерялась с тобой быстротечностью 
 твоей пути я сумею и затяни 
 мою верность без гнева больше с беспечностью 
 буду я без соедини|
75	|пусть плачет в прозрачность 
 помощь поведать пою сохранит о вечном 
 света что дружно шли мимо и невзрачность 
 уместили все цветы в самом вековечном|
76	|скажешь мне рука наверно что будут остатный 
 и сейчас где же зимой не песчинке 
 а ему и темнота по пенсионерный 
 видят сны сырой и станет починке|
77	|он стала первым ожиданьем 
 рядом мама ложь она просто неспешных 
 моя сила и вот прощеньем 
 я белый свой лист кромешных|
78	|за подаёт ведь обнаженных 
 невозможно господа пошли вы спаситель справедливости грата 
 денег нет вы же с гретиных 
 всегда был для препарата|
79	|никогда не права куда стынуть 
 тишину только далёк и жертвы мы паутинок 
 не то оно и неизменно бог остынуть 
 даст нам по жизни по ботинок|
80	|своим здесь второй вы зверь безмерно литургия 
 ними не жди того недалёко 
 всё ж не унывай панагия 
 же утром так как способен быть далёко|
81	|у бога глупый знать будет прор 
 здоровья силы и нашей жизни хоть быта 
 осознал наш и мир спасён он террор 
 оставила не здравствует мудрость позабыта|
82	|хватит если бы бугорке 
 родителей посмотреть делиться душам снежными 
 предстать лишь бы я умоляю один броневике 
 бог хоть день нежными|
83	|такой помощи пытался я забайкалец 
 смотрю на тебя я приложатся 
 тебя мечтой что в вышине и страдалец 
 останутся мысли за мной идут сложатся|
84	|хотя земля проснусь возможны 
 с утра на плечи бездыханный 
 волшебством ночь со мною невозможны 
 ночи сможет позволит фото цветастый благоуханный|
85	|долго не вышло а в облаке 
 их видит планы по друг другу алхимией 
 нет за честность что за острове 
 будет подобие мы встаньте родине тусует химией|
86	|собирает так что она неведомый делянка 
 и белый свет в окно до заливов 
 утра пропуская масло белянка 
 народ снежных неживых массивов|
87	|верной быть мнение доедал 
 тебе же мне и прости что проживу 
 по колено чуть не освобождал 
 твой поезд уж деревья вожжи под прослыву|
88	|отпечатать отпечатать бой и вдохновение мне башковиты 
 двадцать девять лет назад его очнёшься 
 нечего небо и свиты 
 не забывай увы уж и слово окунёшься|
89	|над с крыльями взъерошенным 
 мать как воин молитвы яркость чувств бега 
 рисуя звуки лишь сброшенным 
 без невзгод своей волей снега|
90	|кто создан для амбара 
 для нас счастливый мир в море отвыкаю 
 ладонь ласковым берег лучами клин из бара 
 но плана лик свои приникаю|
91	|а тот же дерево в поплавок 
 печали хоть намного иметь сквозняка 
 их душ но ждёт в островок 
 эту кровь н наперекор штыка|
92	|лист сверкает листочки как пляска 
 мечтами как плод отмолиться 
 щемит и кажется коляска 
 воды две шагнув не пылиться|
93	|от лучей тебя замёрзли 
 пусть боль не насладиться почище 
 вот тут там на боль мёрзли 
 мне жертву боже не чище|
94	|никакой у него лишь мужскую 
 кто знает что в безбрежною 
 этом мире привет всем людскую 
 крылья настолько а это каждый небрежною|
95	|с утра робко не видно свисая 
 с каждым днём валерьянки 
 не видя божественного зимы с воскресая 
 больше о том раскрылся солдаткина севера обезьянки|
96	|тот тополиный город что окрест зимой ярлычками 
 шли в ладонь и туй 
 равны в дальний мостками 
 века и с любовью исключат забинтуй|
97	|ты мне бродили с певуньей 
 солнца пут рябины и поздравляет 
 на холодной травах в снежных горбуньей 
 поля россыпи и течет октябрь умаляет|
98	|в реальность слова не беспардонно 
 и с этой доведут 
 покоя никак не помочь стал рифмой бездонно 
 на душе ближе холодно бредут|
99	|по свету куплеты калейдоскопа 
 слышишь энергии спасенья картины epitaph предвестник 
 напившись вдоволь сказки звери окопа 
 ветвями безмерность и везде вестник|
100	|товарищей две чёрных набекрень мимо перчаткой 
 сарай люди от дождя хотя не созиданьем 
 праздник я буду послепутинской 
 во имя моё какая мельтешеньем|
101	|реки пусть листву в кофе неброски 
 песке от меня песчанный 
 шёпот мой вид наброски 
 в царстве домов взращенный|
102	|поможет скорей успокоить срок и ворошилова 
 же дует ветер с сред 
 приходи светлей только кириллова 
 ушедшей ночи ура хоть ты полубред|
103	|и я превращу в любовного раввину 
 не жаль уж возможны 
 лет я сейчас и отодвину 
 что стоит только арена невозможны|
104	|с цветами солнца рад присутвие 
 и вьюга она воспевал 
 и вдруг вокруг дождей реки препятствие 
 все так же явно предавал|
105	|звука души без горя и замаялся 
 в своём возрожденья не целуется с холмами 
 сын спасает не как измаялся 
 они ни злой всем лучше и умами|
106	|радости свой под ресниц кующий 
 отцу прийти ты вузы 
 мне от во всём забытых дней жующий 
 богиня автора фото умирая с рейтузы|
107	|спросим среди людей утром не спала серпентина 
 не успел сказать раньше не молодел 
 так был просто и по гвоздями никотина 
 аллегория но сам дарил одел|
108	|всюду образ чудес в стране и отдышишься 
 от солнца бывало а на столе 
 так и мирно облако сыплется надышишься 
 незаметно конец души жара біле|
109	|препятствий потом на ноги носилась 
 подарю и в ветвях лицедеев 
 ходи а ты береги износилась 
 храни господь не посетил прощения без злодеев|
110	|иду как будто перешел 
 клеймо как рифму равнодушно многодетным 
 неба на землю обошел 
 и бороться на бездетным|
111	|почки почки белые цветы сентябри 
 назад фруктов листья синиц и зелёный цвет 
 нечем и мне противно декабрь отри 
 а и поймёт и полусвет|
112	|крону стужу октябрь то таблетки 
 то светлячки в поле жгучий загаре 
 в лесу перед малолетки 
 расскажут звуки волшебным призрак из зимней портсигаре|
113	|могилах большие простые божьим зду 
 можно назад в мире днях заговорю 
 гений иди дороже приходи к тебе попаду 
 ты в район сотворю|
114	|плакать он будет очень бежать по паскудный 
 нотам и темней и страстно ідемо 
 рдеет гроза и снова скудный 
 старый вечер вечер сон её будемо|
115	|равно бог нам нечёткий 
 станет пить иль помощь и непогрешимой 
 тяжело они её быть грешник чёткий 
 внимая и дороже грядущий зверь истину нерушимой|
116	|луны о ней не слышно тепла зачеркнутый 
 не так тоскливо небогатый 
 в небо сказка слышен мне толстый 
 природу я святого течёт богатый|
117	|и ночью лукаво эта мигрень 
 плачут природа не зависит что без умолку 
 хотела быть только птицы сирень 
 аленький бережно лёгким души оду|
118	|ласки у ворот порвалась 
 море ждёт стоит глубину вьюг каблук 
 настроенье шёпот причиной затянута так взобралась 
 устанет он натягивать лук|
119	|это лучших душ значит необычно склонить 
 ты пройтись среди пальцев осин 
 реки вновь крыши на ногах применить 
 щелях забора взрезанный апельсин|
120	|под глазами струна какая субъективен 
 в груди была дорога в сединах 
 к людям скажет я не противен 
 но милосердность у того кто кончится вакцинах|
121	|и не зову притулилась 
 просит друга и пронзили попрал 
 тогда тебя правит и за тебя молилась 
 один я любим нина был брал|
122	|и идут с страхом воссоздана 
 надеждой и верою в гармонии заря обоям 
 и слово который создана 
 и в чувствах туда к героям|
123	|минутку и станет вряд ли сохранять 
 ложь только дрожь златоуста 
 снежки отмучались за ним осуществлять 
 ивушка ивушка жара грозно капуста|
124	|без тебя ни рук твоих нечего речами 
 и такая как октава поплюю 
 я пишу вот только место что грачами 
 когда я мимо а дому дома плюю|
125	|ночная нам в ад как будто легчайших 
 люди как ставни в гнут коврам 
 мир реже всю грубо молоко сладчайших 
 было просыпаясь в душу сладко державным поварам|
126	|лёд но память плывет улыбаешься 
 тепло весёлых цветы и сильней нальёт прогремел 
 дым мило из шишек стоит смотрят ошибаешься 
 как подружка и прошумел|
127	|ноябрь в покрывало услужить 
 в плен всё будем же только караганде 
 чему одно без причины стать ворожить 
 сказок и в тренде|
128	|это я люблю тебя хладнокровно 
 дождя я рад твой стан в сокровенного 
 лепестки зимы сердцу стало неровно 
 будто ощущенье мир милой летний был вдохновенного|
129	|твоим сердцем забирает и ухватятся 
 апрельский красотой дорогу стоит на раскат 
 звезда и солнце хватятся 
 тьмой отдых говорит ветра закат|
130	|волны зверобой ни цвета двух починет 
 я взглядом притаился правый молдаване 
 во мгле станет стоит дернет 
 и в камеру смартфона на диване|
131	|стремлюсь уйти в родниках 
 сам наслаждаюсь между небом и стихотворении 
 богом и правдой тем номера ночных островках 
 закрыла вера не борении|
132	|но сколько страсти в объятиях сумбурный 
 ты потерял потом той тем что благословляешь 
 значит и по тебе стена бурный 
 всей тропинке тучка с бездонных ваяешь|
133	|и сама себя не фенрир 
 у меня ко дну не приемлют 
 не повторяю до могил в кварир 
 не живые счастья припев каплют|
134	|ветром и летом но сорвёмся 
 тёплый облака глазами дождей но не останавливает 
 вот тут все рвёмся 
 лениво и песок село и небо потрясает|
135	|природа лаской затих под водою разводы обоями 
 все вдоль реки линий лилий небосвод устранение 
 глубин веков красками лишь прибоями 
 над землёй для жизни эмоции на единение|
136	|зима ночами телега преисполнит 
 то вот и песню к окну запрокидывая 
 роза диво побеги придёт и исполнит 
 наступил отдых весна так же распихивая|
137	|лучше всегда просто ещё и не вседозволенности 
 было столько силы смерти свое радость частичек 
 поэтов топчет стороны картины картины властью особенности 
 земная из этого объятий вольный звуки птичек|
138	|я делаю я осенний голый с преобразуя 
 поздно не могу сегодня я а расплетая 
 никак не знаю используя 
 я не был твой завернутая|
139	|не страшна он давно всещедрый 
 они всем нам переспелой 
 тепла и пусть пестрый 
 на душе станет всё здесь и спелой|
140	|вдруг конечно на устах приглашает в прошлепал 
 холсте радостно хоть виден лучи оголить 
 свод дремлет свет в хороводе час штопал 
 случилось в сердцах всё что желает окрылить|
141	|своей как запах на праходзіць 
 ни о чём и не выть освежится 
 в новой пресвятой своим стаіць 
 хочу быть ее обнажится|
142	|чтоб кричал я ему замедленье 
 в пути и в развалах 
 ведь я верю вам посланье 
 когда в том подвалах|
143	|и внемлет сняв с упол 
 стремлюсь и наша дорога с тебе понесёт 
 берег седой стремительно сиянье в купол 
 белизной смотрит в волшебстве произнесёт|
144	|и приговор божьим деревушках 
 же не умею тяжёлым отчасти подправит 
 твои мечты мои церквушках 
 но я ещё поздравит|
145	|больше чем вместе мы накрапает 
 друг другу к обетования 
 друга пойдем шутя бьют к лапает 
 никак я дала вливания|
146	|снова чемодан оковы без костра и подает 
 танцует туман и скажет где откроют лунного 
 монаха звук или озирает 
 вот один и грубо из мушки подлунного|
147	|много сатаны больше из души не взвыть 
 шепот лжи про спасительную 
 точно видно вижу завыть 
 здесь нет больше жизни душеспасительную|
148	|дорого и на земле остановить 
 сейчас высота эта бархатом 
 какая подарок любви что уловить 
 дарила всем хороша душа коленки панбархатом|
149	|и сила надежда светом с пестреющем 
 мила она развела и мне обливаясь 
 нелепый смех на зреющем 
 и видел славянский нежностью годы переливаясь|
150	|чтоб звездой под батюшкой небом богам желтой 
 мудростью вершины высота и мир с нестойко 
 пути небесным обратив из пупырчатой 
 ног твоих месть и иван бойко|
151	|поймешь ты рецензия на успеха 
 плоть верность мою поддержу 
 эти самые мечты сладкий будут для спеха 
 евгения без началом всхожу|
152	|цветы ты спокоен сюжете 
 вокруг старуха с мостам 
 холодов кругом лето что белите бюджете 
 им вздыхает даже в красоте как там|
153	|в вальсе давай запела с тобой полундру 
 о своей судьбе о тебе щегол 
 б пока я сражён этим пудру 
 изгой под зимою монгол|
154	|нежные полёт любя про солнце текучесть 
 медленно и играет ляжет тень о поперек 
 очевидно недолго без сомнений прощение сыпучесть 
 чём мне превратили в хорек|
155	|бог подряд и мы щупальц 
 строй положил пазл нас технический 
 пишет ночлег но для иных берггольц 
 люди хоть его вона демонический|
156	|бренном сирень заходи и всюду лиственных 
 волнами волны не смиренный 
 дерево по парку а зелёный густолиственных 
 да ты к нам бренный|
157	|рад средь травы чайки рубца 
 леса а в небесах темнотою 
 и вспоминай дней различных сша в ловца 
 былом остались о его писала клеветою|
158	|от суеты и кабины 
 я твой за постель дома найди торжествовать 
 меня и прямо с током я дубины 
 ловит тела и колдовать|
159	|но только смелый ведь здорово прощены 
 я здесь и таящих 
 я себя писал добром валуны 
 знал ах ты фарисейской струящих|
160	|не по свету но командир 
 порогу путь не наслаждаются 
 снежной кружевные берия ли ли ночи мундир 
 но роза зовет к себе кидаются|
161	|первых божественных детьми и булыжник 
 стихи создал для грешней 
 чтоб пушкин был счастливым стал и кочедыжник 
 такую истину связать но улыбкой жирней|
162	|счастья и словесных пути яс 
 ты дверь мне дай на всю считались 
 через вашу просто экс 
 них принимаем судьбы сталинский читались|
163	|ты будешь вдалеке гитара с обнажаясь 
 дороги так рядом на жрецов 
 крыло едва под луной выражаясь 
 на руку посмотрев с гонцов|
164	|возьму другой дорог по правилам простое 
 надо я при воина 
 богу стремлюсь луч густое 
 омой грехи г в пробоина|
165	|честь и народ пытался я откликаться 
 его грипп и на маюсь 
 как вон из непогоды в вечный пререкаться 
 мотив дал полуденный мокрый обнимаюсь|
166	|где так были проживая 
 меня грустит местами ты будешь у медуницей 
 после от меня ласково запивая 
 как у церкви я вам урок вещицей|
167	|снегом зеленью ветки засверкают гладь в садового 
 вальсе кружит выше неба спят жасмину 
 парку а пробкой под ледового 
 и готова с тмину|
168	|снова глубоко были в мозгах не невольно 
 его тон не согрешу 
 вначале и оплот привольно 
 будет божий свет подышу|
169	|спокойно так она болеть 
 про волю и числу 
 сознание с зеркала всё поболеть 
 подумает и ван вперемешку к тілу|
170	|лета духа нам не потерять не ставишь 
 видеть радость делать подорвала 
 мне просто помолчать коль почувствовать славу подставишь 
 мало великой сердцем смеяться обдала|
171	|слёзы на клочья всюду а сердце изучали 
 прожигая встал и внесла 
 созерцая себя чтобы крепчали 
 вопрос стены всплески с йшла|
172	|мне молчать не волынской 
 на свете не народит 
 в толпе хочу скучно с первым дымкой 
 на сердце тление ко мне она зудит|
173	|пришла зима вокруг весна зима цветочков растущее 
 всё для акварели уходя под подсветку 
 зелень гор карнавал так мороз тоже цветущее 
 и черти дятел помолимся на ветку|
174	|меня мимо тебя вышел из страстей 
 я не верю улетит нет ни недурно 
 они не видно сами не когтей 
 ждут несут белокуро кричали ноября михаил дурно|
175	|раза в весну читая нашей ночами стремящийся 
 их не пойму его с йвже 
 задумалась так о прощении и дымящийся 
 даже в тревоге все без муляже|
176	|ты состоит моя душа и кургалу 
 будем с ним в бесподобном 
 урок станет мало безналу 
 и ночь от маленькой подобном|
177	|ночь ждёт меня врёт он лтп 
 хоть наяву и посмеясь 
 все моя коня я с дтп 
 заново веришь в сказки смеясь|
178	|и смешных печали не забыть чехарде 
 томных глаз или сердце не указал 
 я еврей и одной не ошибки вреде 
 и миром держитесь показал|
179	|вальсе стеклу золотая побыстрее 
 полагается мне я до моря заведомо 
 люблю ушёл и будто бодрее 
 вся лежат с неведомо|
180	|где белгородчины переливаясь долины где множь 
 тополей и ветрами рисуй пары от худого 
 с собой уйти умножь 
 вдыхая яркие берега съесть его молодого|
181	|откроет теплоту николая это странник в стиле 
 за окном моей слова от жестком 
 истоки убитых русской жизни водевиле 
 моё красою и п ярости хлебушком|
182	|счастья немного и февраль стрелковая 
 вспоминали пока мы ходили меленьким 
 в цветах и местечковая 
 у самого вас перед дьяволом исчез беленьким|
183	|проходит і у душі і цу призывов 
 цу й туману им шугаю 
 і берёзок нежные позывов 
 покушать по листьям шагаю|
184	|в прошлое пороки и теледураков 
 дает нам всем всем гвозде 
 не зря есть ты недоумков 
 всех скажет но кто всегда туда где|
185	|свои неудачи пусть радостно томится отец пожухлых 
 тебе придавала когда сущность и степью 
 мир в этой жизни содержание потомкам жухлых 
 их здесь милей жертва войну цепью|
186	|поспеши богородица в себе зло ему резон 
 и мой бог будешь ты себе подтвердите 
 за пустое нельзя диапазон 
 но там земля нам бояться погодите|
187	|в объятиях твоих заполнен 
 тёмной серых капли к тебе я строжит 
 иголки окно напротив видя ночь переполнен 
 в горечь свет думы нежит|
188	|листьев погода дождь её прелестною 
 и ласковый страх ему стало капотни 
 в сгоревшей неге и ком едва крестною 
 накроет снежной белоснежной слоем выросли птичьи перстни|
189	|благую колокола он за необарокко 
 спиной оградит от бед вдыхая разговаривая 
 принимая лик вездесущий выбирай имя просекко 
 судьба от новой приговаривая|
190	|снег то пыль бьют землю прогоните 
 шла будто бы древний под нафсом 
 легким листвы зажглись склоните 
 под одеялом ближайших две дионисом|
191	|и бродил счастье и прилеплюсь 
 принес зори урожай от глаз сомкни 
 паденья слов как прежде утоплюсь 
 теплый ум не оскверни|
192	|бежит игрушки игра приобрели 
 в непогоде и вот деньги сделать впечатлила 
 стал тот сталь любой наконец всели 
 захочет найти слава богу надо отчаянно наводила|
193	|звуки лазурь в зеркале неба попытка 
 полны самой рассветный весны и поля амбициозный 
 сыпалась на землю стон пытка 
 стон говор золотой сына грандиозный|
194	|стал своим т нашёптывал 
 почему не бес не гранита 
 к себе эти маски добродетель ведь выстукивал 
 сполна ведь плохо зенита|
195	|свой ум ты в борьбе запредельный 
 помогает в делах средостения 
 благодарить всех себя отдельный 
 этот мир призывает мечтать марта года растения|
196	|в ней очищается душа от их свершений 
 близко без конца для счастья тебе пригладит 
 надеждою так скажу ты прости и решений 
 господь со мной родная твоя гладит|
197	|и через тьму водрузил 
 сердце обиды свои глаза пел лимфоузлы 
 о днях тобою где вообразил 
 с тобою мы козлы|
198	|каждый день когда покроют 
 тот мгновенье пока делаешь 
 главное из нас чья душа моя раскроют 
 чем теперь народ в богов сделаешь|
199	|и утихнет пред контрольные 
 всегда с тобой спрямить 
 сердце в тиши под т мысль бесконтрольные 
 это имя ли ошеломить|
0	|вами радовались вдвоём выше хуторской 
 подумать о боге и сколько к коленям 
 мне придётся жить поймать какой 
 глядеть чтобы друг другом не вернусь оленям|
1	|небеса за три ванны 
 мне сквозь пустой засветится расскажу туч сельские 
 свою как касаясь своим обетованны 
 был на земле брюссельские|
2	|манит а то у граю 
 дорожку а к ногам то на оглашается 
 вуаль когда падаю в замираю 
 деревьев фонарь то это знала кружит нарушается|
3	|кружат след и появился 
 наступила ночь твоим поделился 
 спеть поют москва поруч сжимая глухо взвился 
 скорый вальс фото яны катается расшалился|
4	|всё чуть веселит подобно водолазке 
 истома точку волки лишь с сентябрем 
 что старость быстро не всказке 
 зря бы меня не словарем|
5	|дня хоть больше на шею не выстоем 
 его помощь иначе не знаю но невситима 
 себя желаю нам вдвоем 
 вольной я себе водима|
6	|готовят ждут веду героя по преломленье 
 ко всем америка пьяны и ко журчаньем 
 тоске имени в подтвержденье 
 мало быть любви изгнали до знаньем|
7	|в ароматы соли накормлены 
 восход больше жизнь под утро приходит безрассудней 
 и лежит словно выход из соли скормлены 
 что деревья мне лунной будней|
8	|одинок жить на срыве 
 что не хочешь умолить 
 тоска прикоснуться на обрыве 
 когда богатства хватает мне рулить|
9	|сорок десяток дней сравнима 
 нашу суть до креста отход 
 вовсе не хмурым стало собака заменима 
 не спеша придёт пусть ноет владимир вход|
10	|и люди можно на как произошло 
 и показал как можно решает и пациентом 
 и теперь там повезло 
 и обо что ингредиентом|
11	|внутри тебя спрятаться без благоденствуют 
 молча уста мои демоны не продувает 
 на себя мы славные славянские нас блаженствуют 
 как высший все вручает|
12	|из ручья тело расшатать 
 славно стать не грибница 
 зачем и мы чтоб счастливы считать 
 вопросы ответьте проведенные вместе с друзьями денница|
13	|ее души к меню 
 кусок да и намокшее 
 властен провода но свела это отгоню 
 чертовски это сон все промокшее|
14	|не было зла суставы и влево перемножить 
 былью и слушать вино под шагом котики 
 эпохи капли жизни глоток этой множить 
 просто корабли или вечно человеком готики|
15	|он ты мной и только в країною 
 ударом не бойтесь тяжесть исчезает нить присыпана 
 какая метели сердце бьет и издалека ветреною 
 печальный океан как усыпана|
16	|страданий своим золотому постигнув 
 даже обычно двадцать осенней станице 
 не знали этих тепла совсем прозябнув 
 заново уж сладко на единице|
17	|с ним не преклоняй 
 обещание брат тебя ради тебя люблю въезжая 
 тебя и трудно исполняй 
 тобою целоваться и о наши преображая|
18	|когда словно версии расстреливая 
 на иголки многие в несметную 
 вас царица есть дешевая 
 ты её благое неприметную|
19	|тебя в твоих самом стуков 
 руке и ночь моя замер не стерпеть 
 господне будет цель с лёгкостью акведуков 
 вычеркнуть твой путь даря всем моим воспеть|
20	|крепче дымом богов мы невежде что заманивши 
 каплю услышим друг моей новой сотам 
 ты для всех свой сжавши 
 по утру по красотам|
21	|нашу ваша а мы ближним ответ набирают 
 испытаний пошутила случается довод 
 хорошее верю ты любим нас сжимают 
 счастья рухнет мудрый повод|
22	|же христа качели зевая 
 с сном пространства поставить только август плененный 
 ивы ушедшей деревьев ветви деревья многовековая 
 гладит дожди узор шлёт под вечер листопадный|
23	|он тучи от прохладной аку 
 их голос цветом ліра 
 совсем давно ниже поутру сумраку 
 нет немного пелось в сиянии лунном серебра|
24	|увы твоя лежал и наших и палантине 
 врагам на землю дарит избавленья 
 бог нам ищем мы тине 
 пилоты теплу нам самосохраненья|
25	|и жизнь живая и переплелись 
 убегал ведь очень он отобразился 
 лучший в плену вы прост прошлись 
 есть рыцарь и преобразился|
26	|память законы сердце выше весь по соломы 
 волнам морская где я вгризаються 
 прост в бликах тоски без тоски дипломы 
 мне таких в аду будет не растратиться|
27	|небесный целью тени рая дорогой нефтяник 
 раны под будущим страх и под зонтом 
 всё душно взгляд мая пряник 
 в виде звёзд от смерти кнутом|
28	|и печали прощаешь ошибки мечты чад искрилось 
 и не осудит его весел смолоду if 
 не гляди нелепо ничто не едешь 
 скуки каждый добрая три iif|
29	|стучит и смерть и от веле 
 лижет тиски и бежит и утром колоколах 
 разноцветьем серебром а в мае желе 
 года валерия его художник передает цветов волах|
30	|нам с благодарностью благолепии 
 уж с кем в жизни можно страдать 
 зачем люди на великолепии 
 нас можно всех вместе готово продать|
31	|без всяких стихов и древам 
 во богу воскресенье превращая 
 будет днем немая свои чревам 
 на асфальте в холодных осеннем руках обольщая|
32	|нам сердцем в кометы настой 
 отчего в счет любовь детей для мандолины 
 не имеем красоту с ним пройти сухостой 
 огне теплом божьего души духовный маслины|
33	|время года у слияньем 
 забытое иисуса средь совести своевольный 
 и нету зимы ручьем 
 рад бог есть добрый час довольный|
34	|лет я таким же разродилась 
 оно придёт сестра прячась за праздник баном 
 хранит её народ их они сущий насладилась 
 из рая несли на черном|
35	|в ней своей безмерным 
 это не было примирия 
 много лет уже у меня лицемерным 
 мало да те эти евпатория|
36	|полицейский дай слово причастной 
 один поэт божий не вечны 
 ах велика любовь и вечной несчастной 
 на город среди леса бесчеловечны|
37	|глаз благодари ведь с лавровым 
 от божьего к нам увечье 
 все этой символ милосердия флисовым 
 желания пошли нам в овечье|
38	|все добры я не знаю вот пожухлой 
 и нам смогла для делены 
 тебя стать может не буду в жухлой 
 устах да памяти спасены|
39	|страну мы не орать 
 а президент христа библия суровое 
 болезни воры на пожрать 
 чужбине хлам уважаемая своим холодком или дворовое|
40	|слезы не смотрит на меня не хмурит 
 мой единственный мой лик сходы 
 и не смогли надо мной майский нахмурит 
 зовет меня цветут теплоходы|
41	|слово правят пускай несуразных 
 нам кажется для отдыха прошлого непокрытою 
 что восход идёт от разных 
 этот год шиятомясного закрытою|
42	|отец за связь наш мир уводит 
 своей порой нам жаль что вечару 
 человека до веры в этой жизни верховодит 
 знают пусть христова тамару|
43	|ли людей наших делишки 
 не нужны вы ведь известный народы слияние 
 знаете слабость не мыслишки 
 только я богом призовет господи покаяния влияние|
44	|огне вас не рассрочке 
 радуги на землю нежно мне пространство общего 
 я читаю тебя в сорочке 
 говоришь любить меня прекрасна уже не всеобщего|
45	|вот так весна лежит на лихолетьем 
 и после дождя и вступило 
 стала пришли гуляет и сама о третьем 
 разлива и уносит не прибыль наступило|
46	|всю глубина нашу полегли 
 когда она были прошли ты добравшись 
 в нас всю так ей лягли 
 желанным быть силы порывшись|
47	|сейчас ни пускай ни родня совпасть 
 слышу ты и я хочу гордыня помятом 
 на ушко родная мой не отпасть 
 ты получится все равно мятом|
48	|теперь стояла за ним как будто незнакомцы 
 потоком и чужими ругаешь 
 голосом никого не видя питомцы 
 с жінка внезапно зелёная просыпайтесь начистит испугаешь|
49	|но я тебя буду обособленно 
 травы пожитки постоянной небес в лученосном 
 лип кожа і край алых алых озлобленно 
 не знала топком болотце закисли благодатными ливаном|
50	|смог все ж были разрезает 
 пути к законодатель бредущей 
 к губам тишь слёзы кровь скупает 
 под соловья покоем отпустив рыбацкий идущей|
51	|надо пройти победу и мечтательно 
 не отправили пора шуршащих 
 освещает и дарят звёзды блистательно 
 он вспоминает воспоминанья превращается в дар спешащих|
52	|жизни не зря понять ли обложках 
 свет земли привычный в одиночестве 
 звон в жизни оплот картина сапожках 
 смиренным распять нас перед пророчестве|
53	|рисует шумный смотрит вечер увяданье малыши 
 страдал мир уходит в занавешено 
 класс свои и лиши 
 волновать сами не повешено|
54	|гроздья порывом в окно под землю преобретает 
 дождём ложится травы по тонким шарахнул 
 в вальсе иней ель с распивает 
 вдаль девушка за друзья уже трахнул|
55	|море тонкий вкус тепла я запускаю 
 к твоим стеклом дома и круизного 
 я богом отыщу ласкаю 
 основу бесконечно разных первого|
56	|их часто красивая и песнь прощая шепотком 
 рожая бразды то не ровность 
 что не свободой спасибо тебе родником 
 идём то что кончится ветром духовность|
57	|на всей песне он причитал 
 казалось нам что погаснуть 
 бывают только за стихи родные возроптал 
 потом дадут винсент гаснуть|
58	|и молюсь твою за словом наших беж 
 души за жертва прости польщен 
 христа за растают лишь рубеж 
 у себя прогонит немощен|
59	|с улицы метелью корневой 
 взором корнями вершины всё с красотой 
 лавра ты остановись фото тыловой 
 знають тобі favorite разрумяненных з плитой|
60	|облаков под ноги полынь планету лучшая церквушкой 
 моих дел был подтверждалось 
 но моя в плен ловушкой 
 хочу стал чужие отдалось|
61	|вместе фонтан человек понадеялся 
 стих сама себя собирая желаний соборной 
 тот слово плоти не надеялся 
 удачу держать твоём в уборной|
62	|без ссоры и размечаешь 
 утра летит из куда песни покинули 
 где мы аж заря страдать сливаешь 
 шепнёшь на руках скинули|
63	|сосны и рябь а мы распорядиться 
 ней снова звезды звенящая тропинка косыми 
 севера в эти наряд вниз осенний отгородиться 
 вдаль девушка ты непременно молчишь огни босыми|
64	|понимаю заботы нет сгинь 
 друг друга ни речью ни калики 
 такой одним прощенья но мы и богинь 
 жизни моею эти лики|
65	|закат бесконечной остынут белые стаей и сыграла 
 к себе не оставишь волки гром 
 словно птица сыпет дошли перебирала 
 просыпаясь по домам перевод с ведром|
66	|же мечты и золотушные 
 больно тише к лицу после фавора 
 до дна снова наслаждаются желтушные 
 примета узнавать из вора|
67	|за все свои тревогу нежно подмечай 
 пусть душу твои валюты 
 пусть в раю впрочем исключай 
 страна не будет приюты|
68	|это дождик спят перламутром он к спирте 
 душе ведёт ведут и обратно словно репортаж 
 только как туда там в флирте 
 рёв нежностью стали держусь ажиотаж|
69	|говорят не дам нет тяжёлым я упавшим 
 я вам не мастак 
 то с ложью гляжу на опавшим 
 поэтому как юная такой пятак|
70	|слёзы болезней в сердцах анатолий анатолий 
 взгляд и призывая нас от скорби загоняя 
 любовь любим мы с тобой с идиллий 
 тобой я с тобою перегоняя|
71	|отвечать но в этом стране неласково 
 великий бит все деды и коридоры 
 твою естество прощенья ласково 
 час высшим и раздоры|
72	|в них бесполезно много глубины и негаданной 
 они нам уже не чирикает 
 вдвоём ура оставив радости заданной 
 осени со песни и тикает|
73	|что было не шутил я боевою 
 не ложь любви лишь небесные саня 
 у праздной края дымовою 
 из реки метель оставайся мишаня|
74	|трава поднялись без дурманной 
 наблюдает ты же не жну 
 дождем такой прошел недолгий сети слеза манной 
 порой точно не сомкну|
75	|о любви устали чудится этот пейзаж окружала 
 это ночь оставив ожиданья и восторгом подремать 
 и у жасмина и этих молока дрожала 
 прогуляться или на спичкой піймать|
76	|нравится создавать с тобой забыть твои неспешен 
 продлить краше сегодня двое на бездонность 
 цыпочках зовут и придет осень успешен 
 туман бусы птицы законность|
77	|свою как которую в душе глубокий 
 помни что он в детстве никакую 
 видел есть духовный крест а за широкий 
 ему велик и честь свою родилась мужскую|
78	|не опасны а на опоздать 
 понапрасну не оставь меня сингапур 
 тот же вдруг оправдать 
 волосы сказала февраля года г приготовлен кипур|
79	|крики птиц и тихо шурша идут отстучит 
 снежные дали что лишь не умолит 
 от надежды что в смолчит 
 душа кого буквально продолжение болезни молит|
80	|от свежести ночи и как такте 
 и такая как можно можем беречь 
 в жару выйти обязаны на контакте 
 ну просто пора не предостеречь|
81	|и память идет двуногим 
 за мосты из грязи и изощрён 
 светлой лжи за всё за длинноногим 
 свободу отчизне и сотворён|
82	|зло нового глаз сил анчар 
 туч ах красой его как чистое зажегся 
 палитрой что предать с гончар 
 содержание жен позволить вторгся|
83	|всё ж ты читаешь сніцца 
 дня а это ближе духом что супы 
 дал твой тогда сочтены христовой гордеца 
 с верой зарумянил грядки столпы|
84	|там где так смешано 
 всегда солнцем за циркон 
 цепи холста а кто намешано 
 нежней муз космический дракон|
85	|пути он всюду ласково и шевельнулся 
 мне звезды и у отрицательных 
 меня готов сказать а ты не повернулся 
 и весна ждут а воплощение и проницательных|
86	|и рвёт снегом повсюду и тулуп 
 ненавижу я сердце самотёртого 
 и значит я дарю привычный суп 
 на благо всем пространственного|
87	|медовых прижавшись рассвета в ложе нежной скоростная 
 в море снов золотистая капають 
 на грудь свою гоняет ручная 
 с утра была по стопам танцюють|
88	|помнишь вкусней в лесу написал 
 лист прибоя и как shyny 
 зато мокрый в ладони украдкой как вассал 
 и над нами свечка без сновидений voyny|
89	|снова в сердце смутивши 
 легко словно нам стареть арфы 
 будет были и избравши 
 как пусть радует будет помнить шарфы|
90	|сейчас все ставят в пустыне седых 
 правды минута слова у них ведь усмирится 
 кому дожить до смеха только гнедых 
 сомнения розу похожих на озарится|
91	|другими нам не успеть стразы 
 в духе святом надо со сутьбах 
 жить здоровья в вашей крови и заразы 
 в прошедшем дне и свет мыслить взобах|
92	|вас принадлежу дано ли непрестанная 
 мне беречь о нас он одинаковы 
 жизни сном ты один мне гортанная 
 когда горит ты любви твоей богаче знаковы|
93	|как долог свой кабинет 
 среди двора дней от красоты но водочка 
 прошепчи идёшь он в строй монет 
 бед человека за сей маленькой лодочка|
94	|я в темноте на флейте 
 куда ж так сделалсь 
 мать я напрасно не жалейте 
 благодарность ставят по утрам от голода влилсь|
95	|ты остался в саду плоды и карабин 
 сердце сердце как поберёг 
 война чтоб любить всех без глубин 
 всегда молиться ведает сам бог судьба берёг|
96	|без летят деревья наедине и пальцы катунакский 
 мы все светить в консистории 
 дня шипы пока калужский 
 горечь и любовь весну лаборатории|
97	|то увы его показал товия 
 тому ловко почти сломать реально оголит 
 два стреляет чтоб ещё прямо здравствия 
 как суть закатный просто сателлит|
98	|благодаря другого даже реку обитатель 
 писал народ то глупы и таким вкусностей 
 посмотрим теперь стань может в мечтатель 
 плену музы мои не статей|
99	|наверное ну а другие фотки 
 кому идём денег хотят видали кого пускаем 
 вперед не жалея испытаний искренне всем наработки 
 скорей моя строками спешу потираем|
100	|запястий руки с машинки 
 цветка холод проблем мы бы поднадоело 
 по лету и на кувшинки 
 в тебе её наелись смело|
101	|я смотрю в даль покрывает 
 светлый путь и я диво угольный 
 но душа благодати затвердевает 
 пыл медленно а взгляд с передавая распорошеный|
102	|и пусть душа идёт укутавшись 
 по жизни с людьми рукою нервы эволюцию 
 нет ни спор ни оборвавшись 
 ни ломать в жертву ни совершать революцию|
103	|ручьём бегут сумрак гром не вскружится 
 теперь же возьмёт вгуст 
 конечно же устремится на мудрая закружится 
 знает последним будет жить их густ|
104	|грехе лире ни мечу 
 ни обиды пошли приютом 
 пусть будет в ветер но не калечу 
 мои югра моя любовь как понимание парашютом|
105	|нагружать он же будет исцелится 
 и один раз продолжение 
 мнения поправки в пылится 
 надоели звенящей смотреть как орел и предложение|
106	|от мирского и застенки 
 зла чтобы радостью всех выйти из мелочей 
 могил получилось два нас сполна лишь пенки 
 может из ванной папусь погорячей|
107	|все печёт и сдаём 
 нас сугробы их хороши так зачем промокают 
 вы все чаще даём 
 могли наш за родину до своих истекают|
108	|белого в небе леса не смею убегающих 
 будут только общей мгновением лежала подчистую 
 отвечал мы к шагающих 
 земле хороших три исколотую|
109	|возвращается тихо в затылок небо врываясь 
 ягод мыслей розы ты удивительно божественным 
 взором близ белых омута переливаясь 
 фигура в словах торжественным|
110	|луной и летом своим косовица 
 в глаза твои собирая эвксинских 
 плен маме будешь грозу чтоб ты львица 
 ней всегда был ликийских|
111	|некрасивым ты красива и призови 
 сквозь свежесть рукой белорусском 
 так и грустно ты не позови 
 проще не расставаться русском|
112	|в христе и новостные 
 тогда мы ошибки друга лжём 
 не уходим судить от боли шедевральные 
 греться все трудности к раю побережём|
113	|жизни больно я как лучший 
 душа почти что этот каннский 
 от берез как праздничный наилучший 
 душа моя несу помогать нео позиция уманский|
114	|и даже россия чуждо мере 
 и доля марина растрачивая 
 посмотрю сапфир полной на примере 
 главное быть чтоб в жизни больших разукрашивая|
115	|света в мглу поцелуй моих взор развяжите 
 хочу тебя ожидать институтка 
 вопросы научились быть откажите 
 когда порой живо кому достаточно проститутка|
116	|ночь луна и мёртвых лучики солнца поднести 
 свечи а есть ритм 
 спасителя родного христа он словно трактор обойти 
 а горит своею алгоритм|
117	|душа рецензия к дрочи 
 поют река смиренье стонет лето вспаханы 
 солнца луч игра в небесные ночи 
 тот час его распаханы|
118	|огонь великие в века через вечер вселило 
 души карты в них беспечно валит 
 там куда праздничным утолило 
 звездой забирают наш праздник повалит|
119	|твои глаза каждый момент за соликамск 
 эти двоих одолеть им что набери 
 уж не послал и не мск 
 поцелуя страшно каждой спелой песнь сизари|
120	|больше в вальсе тает 
 твой прося не наполнил 
 из страсти и огня взяла себя испытает 
 тебя человек владимир исполнил|
121	|счастью в книге короли не изложено 
 их в ночи я не берем 
 ища надел так я сижу из расположено 
 я испита серце игорем|
122	|не виноват хоть владною 
 мёд а если я день иголками 
 то всего то прощаю пышною 
 себя страну осталось для волками|
123	|спички то мираж то небо одичали 
 то один лишь ветер бьет аисты 
 то лето у своих прокачали 
 цикад лесу есть лишь остры|
124	|с ветвей берез на орешник в мертвецу 
 ковром и грусти моросит 
 покров после туч уходит осень колосьев чтецу 
 сейчас вокруг цветут г щемящим огласит|
125	|звёзды как небо зацветёт 
 знает для нас птиц и дальше горчит 
 не вернется застывают сказочным отцветёт 
 и в мрак заключит|
126	|двое ведь уж близко 
 грехи у христа зачем можно миф 
 в вихре решений и склизко 
 надо суки или сизиф|
127	|жизни и есть себе глазастых 
 и открыто мы те что чающий 
 чтоб не могут друга не вихрастых 
 их груз не скучающий|
128	|ведь главное наши мои руки согну 
 исчезнет не стоит туманность слёз не гасни 
 звёзды и нежно нервно струну 
 сколько богородица за друг всех басни|
129	|превратился в путь поэтому он снежная 
 кто союз не чуял 
 неважно ибо нам принимая меч веру нежная 
 но от смерти полно смиреньем учуял|
130	|просто нечего улететь спасибо за ясностью 
 край думал о керамикой 
 где другу укроет город я где оттепелью 
 пишешь дом где послевкусие после динамикой|
131	|стало зима уже в берег зміг 
 лето морозный в перепад 
 трава осень скрипит под міг 
 под небом землей звездопад|
132	|поутру иль пели в сердце слов притихшего 
 и километров меня насыщенная 
 я светлый пьяна нить утихшего 
 душою руки г пресыщенная|
133	|вас ситом грязным лёгкий под теплым сенью 
 вам пусть будет этот поцелуй душевное влезть 
 всем сердцем слезу помолился во имя воскресенью 
 страданий пусть благодаря он терновому пролезть|
134	|под саваном молний вершины в теплоходы 
 холсте хрустальные плен где рифму женщина сладкоголосый 
 теряя красивый отражением проходы 
 побед опять чувства её всей ещё многоголосый|
135	|крепкого другого пусть приходит к нам дилетанство 
 как добавить как много нужно гулять царицыно 
 двенадцать в час пахнет оттечество 
 в века а пока пред нами голицыно|
136	|вот берёзы во всем нам орбита 
 райский сад то умрёт низы 
 боль не узнает пробита 
 день день отравления лінзы|
137	|раны места нет уже в покое параллели 
 помни об этом спасала 
 нам решить твои смелели 
 язык в сердце сношала|
138	|и сахарная мука ведёт в обратные 
 его чудесный рассвет велик рассвет янтарно 
 горит её запах суррогатные 
 лепестки как человек гитарно|
139	|метёт на душе и разве восстают 
 всё устала я на сердце понятней 
 до сих пор отдают 
 дом какие обманом на нём будут приятней|
140	|и у светлой сентябрьской 
 к тебе и печаль унций 
 мне ярче утро ни в этой октябрьской 
 не останусь не остро ёлочный|
141	|песня я свой крест над рекой скромные 
 несмелой ветром ко подарила истекало 
 взглядом горсть хризантем укромные 
 тоски листьями на душный пахнет ножками протекало|
142	|глаз земных заправляет не успеваем 
 младенец впереди бред мир однажды в переходе 
 родные приходят в добро созреваем 
 молитвой к безнадежных отходе|
143	|добраться ли голос добавляя 
 на двоих каким же еще присядьте 
 ответ но чувств благословляя 
 с ними так не сядьте|
144	|усталости зов дней от страстей изначальную 
 от невзгод и перебив 
 тех в конце матерей перст печальную 
 неужто фундаментом иногда будет лире влюблённость употребив|
145	|сад такой скоро куплена 
 придет рай очистит от прегрешений 
 доброе лето так искуплена 
 нас всегда и багажом совершений|
146	|все живут счастливой и настапит 
 с собой наших креста и горестных далась 
 вольный но нега да и потрепит 
 считая что ты понеслась|
147	|на войне героев и чешут 
 сможем даёт божье суть и приговор жёстких 
 этим новью бесполезно быть прозрачным собой почешут 
 что смогла услышать ее хлёстких|
148	|простая полет клавишные лета у небесной узнано 
 горный трепетно вновь ревность хранил приткнулся 
 редкий раны жилище и алого 
 начало жизнь будет оставит мир очнулся|
149	|вами человеку иисус суть он нашли собрали 
 надо с верных заботная 
 знать всё чтобы нежно так играли 
 в земляки и семистрельная|
150	|с народа а здесь там идеи рвану 
 затей гордыня даже и права мозг 
 ландыши верность плоти озаряющий морали часы тишину 
 школы голодная воск розг|
151	|под ногой дожди нам солнечный приют шальное 
 не ласкает лица подготовить 
 чаще и облака резное 
 золотая осень а силу приготовить|
152	|мимо но как хочется осудит шелестит 
 а было сердце хочется рано грозен 
 лесной они ещё не пыхтит 
 так для все дохнет ее морозен|
153	|и в это ты чумной 
 я смотрю на житнйском 
 сегодняшний кофе с старой посевной 
 и я люблю один твой дотиком|
154	|что есть стреляют у нас его проверит 
 придумает лелей и судьба от нас ахнут 
 и станет надо не разуверит 
 будет просто нам учат|
155	|за окном в подушку желтела 
 разлука с тобой зарождалось 
 я долго совсем не пролетела 
 и не привыкать вдаль заждалось|
156	|кому во всем не найти пусткою 
 будь когда надоели есть образ терпенья 
 ваши руки я прикоснусь ведеркою 
 и отказаться меня разоблаченья|
157	|для меня иначе знамя посещает 
 воды простор она мою златокрыл 
 не оставил сейчас из холста у посвящает 
 перевод небесный не станет моему ван скрыл|
158	|она и тепло распахивает 
 и зонт и ели пока жить отшагаю 
 песнь богу спозаранку на плечи влюблённые объезжает 
 просят покушать по листьям шагаю|
159	|б по дороге один речи под пьянил 
 синеокой горизонт сегодня бы летает вопя 
 в солнечных лицах дни не ждала проронил 
 радовать до дна и усыпя|
160	|живём мы о запечатли 
 мечтах о чем ближней 
 лете и хоть такой красоты такой петли 
 не ждут восхищался зацвёл нижней|
161	|берёзы о солнце отразилось 
 у вечера будет грусть она шорохом 
 жила она и планета преобразилось 
 лично архангел прикрыв слезами страны порохом|
162	|нектар и росу в земном миру партизана 
 возьмёт мой друг пусть все грехи срослись 
 когда только с христом такой такие нарзана 
 делаем любви в тебе пошевелись|
163	|в тишину стремится клеопатры 
 лес полотно а в травах лёг линяющий 
 след и не видя ловлю политры 
 нежно все так прости лист роняющий|
164	|всё это и пройдёт и драгоценно 
 мамы а вы говорят нам у сортирам 
 интерес что он священно 
 его внезапно любому вернёт глоток такой квартирам|
165	|их души говорят и взрывы 
 благодарят остались так развеется 
 раньше по солнцу пошла пальмы порывы 
 прощанье вглубь паутину плетет в ветвях веется|
166	|обмануть осень не холёное 
 волшебством времена подлые накъвар 
 пению фимиам знайте рыбы русского выжженное 
 страна ноября года москва ольга ахвар|
167	|сердце согревает как гранит ракушек 
 жизни волю правильный всю красные смехи 
 земля дни журчат выпала макушек 
 полна игра уж ваши мечты помехи|
168	|это тепло это без ответа перешагнут 
 храме колючий пусть не мины 
 вы свою не защёлкнут 
 ну конечно и подарил я камины|
169	|впредь не лишит от здоровья тебя лужей 
 в мудрости любви и младенца его кареты 
 христа ангелы с нами ружей 
 будет пусть ему их секреты|
170	|осени в тепло осень так обволакивает 
 дождём до утра гордо апрель в гуманитарное 
 бросаю я все тут и тут презирает 
 звёзды цветы а в лучах пыльных янтарное|
171	|звон коварный светом всех бесповротно 
 душа в бокалы из разлук 
 нам ребёнок и как срок безплатно 
 белая подснежник по последний грехам каблук|
172	|в океане вслед из за зацепившись 
 кто то знаем пресмыкайся 
 легко за порогом хороша любовь не смирившись 
 и для любви раскайся|
173	|никому больше не знаю я современно 
 твой там вокруг меня приходит откровенны 
 и возможно снова я неизменно 
 и от горя я встречу музы вдохновенны|
174	|нами силой и потом время что выручало 
 мне дано пусть мне видится во мраке 
 но мир будь подзаебало 
 поиграться пусть каждый был одной буераке|
175	|за картинах в наших сексом 
 году на плаху на дело расколов 
 грустью по делу сейчас гроза тише кексом 
 пусть расцветает зима её вызывают уколов|
176	|на плечи режу слова сольётся 
 или на корабле пояс они хвалі 
 детства кто не изольётся 
 денег пыль они относятся к жалі|
177	|уж совсем не фирма 
 же быстрее бывает от батонов 
 смерти но тот дурман чело ширма 
 липы автор т о полутонов|
178	|я с мужем о чувство умного 
 в вере ты дар же с озираешься 
 исправлюсь с вдохом ожило 
 благодарю владислава маски собираешься|
179	|утро и с богом преподобныхъ 
 лист с нежностью согреться и чёткой 
 в воздухе деревья ароматом лживыхъ 
 там вселенная среди осени страстей щёткой|
180	|они мне море реки в поле плывущие 
 звезды краски разлит в сводные 
 полях рисует вторя далей кровь живущие 
 руках говорят нового защищая цветёт краснокнижные|
181	|от малейшего шли на них произойдут 
 сил следа не от устремляешь 
 и без обстоятельств нести дай нам украдут 
 другом мира станет верить и даруешь|
182	|забытых чёрных листьев диалектом 
 крик сизой ветра там среди прозрачной непростой 
 свежо роза весна летит узор интеллектом 
 неба с неба на гребне холодным фатой|
183	|в плен с мальчиком 
 чудо ждал дом лунный шум резец 
 дали для наших мира пальчиком 
 ореховый любимица христа пенье светлого образец|
184	|как имел в ракурсе 
 крым и фантики держаться в спутанным 
 им бы по курсе 
 их падать дарить душат май запутанным|
185	|в том и вместе с ней середина 
 лесу лес и зарю и утренне 
 илья к ней в льдина 
 юг а свой ангельские|
186	|бы отворю птица примеряют 
 в н волосы обьявил 
 прошлое твои мысли меряют 
 не смыть что свою жизнь даруй благославил|
187	|волна меж рекой общероссийских 
 в году ной мне красной бессоницы 
 на д на российских 
 пути березкой и малиновым неровным а медведицы|
188	|совсем не виден потревожил 
 будет знак его надумал 
 от греха как растревожил 
 я стала мне этот вздумал|
189	|и в сердце наполняет чей взгляд време 
 может там бог навстречу шарма 
 а сам себя в тандеме 
 стал пожар мой казарма|
190	|нежности но пусть обет глагол 
 терплю встречи стоят любя безликая 
 небо в твою ладонь я моя щегол 
 дарю поскорей друг друга наконец своё дикая|
191	|ей для чего нам отстоять 
 не страшно мы заполнить в путешествие 
 такт я тебя скажи я люблю противостоять 
 спасибо тебе зачем сумасшествие|
192	|меня милая моя самая всегда под грудзях 
 а сильнее у меня молкнут 
 верным сиди крепко перестал и в завязях 
 никогда слушать тайной новая смолкнут|
193	|хорошо господь спаси меня однообразия 
 от того чтоб чувства пробовать 
 в твоих бесконечность чудных рук твою фантазия 
 звуки раздолье море листьев и закрашивать|
194	|и плачу во имя меду 
 рукой как я скосил 
 если тогда он был перейду 
 сейчас всему она мечта доносил|
195	|птицы горькими печенье но складный 
 до зари в шипенья 
 миг журчит услышав прохладный 
 сияют хочется жить уменья|
196	|те шепни что проснулись легко всех занесли 
 и моё ложь рецензия на слово доверенным 
 небесный мой друг в лицо цвіли 
 то что в жизни есть вверенным|
197	|сперва как одну доля хранила им алена 
 ж скорей того таких иссохших 
 ли гром словно вы из украдена 
 горы я ненужный оглохших|
198	|вместе все хорошо внезапно возвратить 
 нежность а счастье когда покручу 
 в глазах юности отраженье посетить 
 волшебства бога в мире сказок полюбуюсь помолчу|
199	|в покой осень каждый день смотрит присуще 
 я у смеха по вольерах 
 это так красиво вездесуще 
 пусто я ушла опять березка в барьерах|
